<?xml version="1.0" encoding="UTF-8"?>
<!DOCTYPE configuration
        PUBLIC "-//mybatis.org//DTD Config 3.0//EN"
        "http://mybatis.org/dtd/mybatis-3-config.dtd">
<configuration>
    <settings>
        <!-- goods_id ==> goodsId 驼峰命名转换 -->
        <setting name="mapUnderscoreToCamelCase" value="true"/>
    </settings>

    <!--设置默认指向的数据库-->
    <environments default="dev">
        <!--配置环境，不同的环境不同的id名字-->
        <environment id="dev">
            <!-- 采用JDBC方式对数据库事务进行commit/rollback -->
            <transactionManager type="JDBC"></transactionManager>
            <!--采用连接池方式管理数据库连接-->
            <dataSource type="POOLED">
                <property name="driver" value="com.mysql.jdbc.Driver"/>
                <property name="url" value="jdbc:mysql://localhost:3306/babytun?useUnicode=true&amp;characterEncoding=UTF-8"/>
                <property name="username" value="root"/>
                <property name="password" value="root"/>
            </dataSource>
        </environment>
    </environments>

</configuration>